{
  "n_fires": 278569,
  "n_slices": 626102,
  "n_climate_complete_fires": 237235,
  "pc_explained_variance": [
    0.8098926007015654,
    0.06640399828946669,
    0.035444656829815124,
    0.03304360360067242,
    0.017962349036304275,
    0.009010425004372392,
    0.007867602518398823,
    0.00482992191202547,
    0.004372631714972583,
    0.003090442514582507
  ],
  "cumvar_pc1_5": 0.9627472084578238,
  "bootstrap_replicates": 60,
  "bootstrap_sample_size": 12000
}