hot_day,high_vpd_day,windy_day
33.85000000000002,2.0100000000000002,6.0
